[
  {
    "name": "theme_info",
    "theme_name": "SFD Horizon",
    "theme_version": "1.0.0",
    "theme_author": "SFD - Strength For Dancers",
    "theme_documentation_url": "https://sfd.co.il",
    "theme_support_url": "mailto:contact@sfd.co.il"
  },
  {
    "name": "Colors",
    "settings": [
      {
        "type": "header",
        "content": "Brand Colors"
      },
      {
        "type": "paragraph",
        "content": "These colors are defined in the CSS variables. To change them, edit assets/theme.css"
      },
      {
        "type": "color",
        "id": "color_primary",
        "label": "Primary Color",
        "default": "#000000"
      },
      {
        "type": "color",
        "id": "color_secondary",
        "label": "Secondary Color",
        "default": "#555657"
      },
      {
        "type": "color",
        "id": "color_background",
        "label": "Background Color",
        "default": "#fffaf3"
      }
    ]
  },
  {
    "name": "Typography",
    "settings": [
      {
        "type": "header",
        "content": "Font Settings"
      },
      {
        "type": "paragraph",
        "content": "The theme uses Heebo font from Google Fonts. This is loaded in the theme.liquid file."
      }
    ]
  },
  {
    "name": "Social Media",
    "settings": [
      {
        "type": "header",
        "content": "Social Media Links"
      },
      {
        "type": "text",
        "id": "social_instagram_link",
        "label": "Instagram URL",
        "default": "https://instagram.com/strengthfordancers"
      },
      {
        "type": "text",
        "id": "social_facebook_link",
        "label": "Facebook URL"
      },
      {
        "type": "text",
        "id": "social_twitter_link",
        "label": "Twitter URL"
      },
      {
        "type": "text",
        "id": "social_youtube_link",
        "label": "YouTube URL"
      }
    ]
  },
  {
    "name": "Favicon",
    "settings": [
      {
        "type": "image_picker",
        "id": "favicon",
        "label": "Favicon",
        "info": "Will be scaled down to 32x32px"
      }
    ]
  },
  {
    "name": "Checkout",
    "settings": [
      {
        "type": "header",
        "content": "Checkout Settings"
      },
      {
        "type": "image_picker",
        "id": "checkout_logo",
        "label": "Checkout Logo"
      },
      {
        "type": "image_picker",
        "id": "checkout_sidebar_background",
        "label": "Checkout Sidebar Background"
      }
    ]
  }
]
